Workbook

Sheet 請款明細表
A1: 示範道路改善工程 第一期估驗計價 請款明細表
A2: ※ 練習用假資料，工程名稱與金額均為虛構
A4: 項次 | B4: 工程項目 | C4: 原契約 | G4: 前期累計 | I4: 本期完成 | K4: 累計至本期
C5: 單位 | D5: 數量 | E5: 單價 | F5: 複價 | G5: 數量 | H5: 複價 | I5: 數量 | J5: 複價 | K5: 數量 | L5: 複價
A6: 壹 | B6: 發包工程費 | F6: =SUM(F7:F10) -> 2810000 | H6: =SUM(H7:H10) -> 0 | J6: =SUM(J7:J10) -> 1015000 | L6: =SUM(L7:L10) -> 1015000
A7: 1 | B7: 瀝青混凝土鋪面 | C7: m2 | D7: 2000 | E7: 350 | F7: =ROUND(D7*E7,0) -> 700000 | G7: 0 | H7: 0 | I7: 800 | J7: =ROUND(E7*I7,0) -> 280000 | K7: =G7+I7 -> 800 | L7: =H7+J7 -> 280000
A8: 2 | B8: 預鑄混凝土路緣石 | C8: m | D8: 800 | E8: 1200 | F8: =ROUND(D8*E8,0) -> 960000 | G8: 0 | H8: 0 | I8: 300 | J8: =ROUND(E8*I8,0) -> 360000 | K8: =G8+I8 -> 300 | L8: =H8+J8 -> 360000
A9: 3 | B9: 人行道高壓磚 | C9: m2 | D9: 600 | E9: 1500 | F9: =ROUND(D9*E9,0) -> 900000 | G9: 0 | H9: 0 | I9: 200 | J9: =ROUND(E9*I9,0) -> 300000 | K9: =G9+I9 -> 200 | L9: =H9+J9 -> 300000
A10: 4 | B10: 交通號誌設施 | C10: 式 | D10: 1 | E10: 250000 | F10: =ROUND(D10*E10,0) -> 250000 | G10: 0 | H10: 0 | I10: 0.3 | J10: =ROUND(E10*I10,0) -> 75000 | K10: =G10+I10 -> 0.3 | L10: =H10+J10 -> 75000
B11: 物價調整金額 | H11: 0 | J11: 12000 | L11: =H11+J11 -> 12000
B12: 總計 | F12: =F6 -> 2810000 | H12: =H6+H11 -> 0 | J12: =J6+J11 -> 1027000 | L12: =L6+L11 -> 1027000

Sheet 計價總表
A1: 示範道路改善工程 第一期估驗計價 計價總表
A2: ※ 練習用假資料，工程名稱與金額均為虛構
A4: 項次 | B4: 工程項目 | C4: 原契約 | F4: 前期累計 | H4: 本期完成 | J4: 累計至本期
C5: 單位 | D5: 數量 | E5: 複價 | F5: 數量 | G5: 複價 | H5: 數量 | I5: 複價 | J5: 數量 | K5: 複價
A6: 壹 | B6: 發包工程費 | E6: =SUM(E7:E8) -> 2810000 | G6: =SUM(G7:G8) -> 0 | I6: =SUM(I7:I8) -> 1015000 | K6: =SUM(K7:K8) -> 1015000
A7: 壹.一 | B7: 道路工程費 | C7: 式 | D7: 1 | E7: =SUM(請款明細表!F7:F9) -> 2560000 | F7: =G7/E7 -> 0 | G7: =SUM(請款明細表!H7:H9) -> 0 | H7: =I7/E7 -> 0.3671875 | I7: =SUM(請款明細表!J7:J9) -> 940000 | J7: =F7+H7 -> 0.3671875 | K7: =G7+I7 -> 940000
A8: 壹.二 | B8: 交通工程費 | C8: 式 | D8: 1 | E8: =SUM(請款明細表!F10:F10) -> 250000 | F8: =G8/E8 -> 0 | G8: =SUM(請款明細表!H10:H10) -> 0 | H8: =I8/E8 -> 0.3 | I8: =SUM(請款明細表!J10:J10) -> 75000 | J8: 30 | K8: =G8+I8 -> 75000
B9: 物價指數調整 | G9: =請款明細表!H11 -> 0 | I9: =請款明細表!J11 -> 12000 | K9: =G9+I9 -> 12000
B10: 總計 | E10: =E6 -> 2810000 | G10: =G6+G9 -> 0 | I10: =I6+I9 -> 1027000 | K10: =K6+K9 -> 1027000
